dtm,normalCapacity_H1#1,availableCapacity_H1#1,minAvailCapacity_H1#1,maxAvailCapacity_H1#1,outageCapacity_H1#1,normalCapacity_H1#2,availableCapacity_H1#2,minAvailCapacity_H1#2,maxAvailCapacity_H1#2,outageCapacity_H1#2,normalCapacity_H1#3,availableCapacity_H1#3,minAvailCapacity_H1#3,maxAvailCapacity_H1#3,outageCapacity_H1#3,normalCapacity_TOTAL,availableCapacity_TOTAL,minAvailCapacity_TOTAL,maxAvailCapacity_TOTAL,outageCapacity_TOTAL
2024-03-01T23:00:00.000Z,400.0,150.0,150,280,280.0,400.0,0.0,400.0,400.0,400.0,400.0,0.0,150.0,150.0,150.0,1200.0,150.0,700.0,830.0,830.0
2024-03-01T23:30:00.000Z,400.0,150.0,150,280,280.0,400.0,0.0,400.0,400.0,400.0,400.0,0.0,150.0,150.0,150.0,1200.0,150.0,700.0,830.0,830.0
2024-03-02T00:00:00.000Z,400.0,150.0,150,280,280.0,400.0,0.0,400.0,400.0,400.0,400.0,0.0,150.0,150.0,150.0,1200.0,150.0,700.0,830.0,830.0
2024-03-02T00:30:00.000Z,400.0,150.0,150,280,280.0,400.0,0.0,400.0,400.0,400.0,400.0,0.0,150.0,150.0,150.0,1200.0,150.0,700.0,830.0,830.0
2024-03-02T01:00:00.000Z,400.0,150.0,150,280,280.0,400.0,0.0,400.0,400.0,400.0,400.0,0.0,150.0,150.0,150.0,1200.0,150.0,700.0,830.0,830.0
2024-03-02T01:30:00.000Z,400.0,150.0,150,280,280.0,400.0,0.0,400.0,400.0,400.0,400.0,0.0,150.0,150.0,150.0,1200.0,150.0,700.0,830.0,830.0
2024-03-02T02:00:00.000Z,400.0,150.0,150,280,280.0,400.0,0.0,400.0,400.0,400.0,400.0,0.0,150.0,150.0,150.0,1200.0,150.0,700.0,830.0,830.0
2024-03-02T02:30:00.000Z,400.0,150.0,150,280,280.0,400.0,0.0,400.0,400.0,400.0,400.0,0.0,150.0,150.0,150.0,1200.0,150.0,700.0,830.0,830.0
2024-03-02T03:00:00.000Z,400.0,150.0,150,280,280.0,400.0,0.0,400.0,400.0,400.0,400.0,0.0,150.0,150.0,150.0,1200.0,150.0,700.0,830.0,830.0
2024-03-02T03:30:00.000Z,400.0,150.0,150,280,280.0,400.0,0.0,400.0,400.0,400.0,400.0,0.0,150.0,150.0,150.0,1200.0,150.0,700.0,830.0,830.0
2024-03-02T04:00:00.000Z,400.0,150.0,150,280,280.0,400.0,0.0,400.0,400.0,400.0,400.0,0.0,150.0,150.0,150.0,1200.0,150.0,700.0,830.0,830.0
2024-03-02T04:30:00.000Z,400.0,150.0,150,280,280.0,400.0,0.0,400.0,400.0,400.0,400.0,0.0,150.0,150.0,150.0,1200.0,150.0,700.0,830.0,830.0
2024-03-02T05:00:00.000Z,400.0,150.0,150,280,280.0,400.0,0.0,400.0,400.0,400.0,400.0,0.0,150.0,150.0,150.0,1200.0,150.0,700.0,830.0,830.0
2024-03-02T05:30:00.000Z,400.0,150.0,150,280,280.0,400.0,0.0,400.0,400.0,400.0,400.0,0.0,150.0,150.0,150.0,1200.0,150.0,700.0,830.0,830.0
2024-03-02T06:00:00.000Z,400.0,150.0,150,280,280.0,400.0,0.0,400.0,400.0,400.0,400.0,0.0,150.0,150.0,150.0,1200.0,150.0,700.0,830.0,830.0
2024-03-02T06:30:00.000Z,400.0,150.0,150,280,280.0,400.0,0.0,400.0,400.0,400.0,400.0,0.0,150.0,150.0,150.0,1200.0,150.0,700.0,830.0,830.0
2024-03-02T07:00:00.000Z,400.0,150.0,150,280,280.0,400.0,0.0,400.0,400.0,400.0,400.0,0.0,150.0,150.0,150.0,1200.0,150.0,700.0,830.0,830.0
2024-03-02T07:30:00.000Z,400.0,150.0,150,280,280.0,400.0,0.0,400.0,400.0,400.0,400.0,0.0,150.0,150.0,150.0,1200.0,150.0,700.0,830.0,830.0
2024-03-02T08:00:00.000Z,400.0,150.0,150,280,280.0,400.0,0.0,400.0,400.0,400.0,400.0,0.0,150.0,150.0,150.0,1200.0,150.0,700.0,830.0,830.0
2024-03-02T08:30:00.000Z,400.0,150.0,150,280,280.0,400.0,0.0,400.0,400.0,400.0,400.0,0.0,150.0,150.0,150.0,1200.0,150.0,700.0,830.0,830.0
2024-03-02T09:00:00.000Z,400.0,150.0,150,280,280.0,400.0,0.0,400.0,400.0,400.0,400.0,0.0,150.0,150.0,150.0,1200.0,150.0,700.0,830.0,830.0
2024-03-02T09:30:00.000Z,400.0,150.0,150,280,280.0,400.0,0.0,400.0,400.0,400.0,400.0,0.0,150.0,150.0,150.0,1200.0,150.0,700.0,830.0,830.0
2024-03-02T10:00:00.000Z,400.0,150.0,150,280,280.0,400.0,0.0,400.0,400.0,400.0,400.0,0.0,150.0,150.0,150.0,1200.0,150.0,700.0,830.0,830.0
2024-03-02T10:30:00.000Z,400.0,150.0,150,280,280.0,400.0,0.0,400.0,400.0,400.0,400.0,0.0,150.0,150.0,150.0,1200.0,150.0,700.0,830.0,830.0
2024-03-02T11:00:00.000Z,400.0,150.0,150,280,280.0,400.0,0.0,400.0,400.0,400.0,400.0,0.0,150.0,150.0,150.0,1200.0,150.0,700.0,830.0,830.0
2024-03-02T11:30:00.000Z,400.0,150.0,150,280,280.0,400.0,0.0,400.0,400.0,400.0,400.0,0.0,150.0,150.0,150.0,1200.0,150.0,700.0,830.0,830.0
2024-03-02T12:00:00.000Z,400.0,150.0,150,280,280.0,400.0,0.0,400.0,400.0,400.0,400.0,0.0,150.0,150.0,150.0,1200.0,150.0,700.0,830.0,830.0
2024-03-02T12:30:00.000Z,400.0,150.0,150,280,280.0,400.0,0.0,400.0,400.0,400.0,400.0,0.0,150.0,150.0,150.0,1200.0,150.0,700.0,830.0,830.0
2024-03-02T13:00:00.000Z,400.0,150.0,150,280,280.0,400.0,0.0,400.0,400.0,400.0,400.0,0.0,150.0,150.0,150.0,1200.0,150.0,700.0,830.0,830.0
2024-03-02T13:30:00.000Z,400.0,150.0,150,280,280.0,400.0,0.0,400.0,400.0,400.0,400.0,0.0,150.0,150.0,150.0,1200.0,150.0,700.0,830.0,830.0
2024-03-02T14:00:00.000Z,400.0,150.0,150,280,280.0,400.0,0.0,400.0,400.0,400.0,400.0,0.0,150.0,150.0,150.0,1200.0,150.0,700.0,830.0,830.0
2024-03-02T14:30:00.000Z,400.0,150.0,150,280,280.0,400.0,0.0,400.0,400.0,400.0,400.0,0.0,150.0,150.0,150.0,1200.0,150.0,700.0,830.0,830.0
2024-03-02T15:00:00.000Z,400.0,150.0,150,280,280.0,400.0,0.0,400.0,400.0,400.0,400.0,0.0,150.0,150.0,150.0,1200.0,150.0,700.0,830.0,830.0
2024-03-02T15:30:00.000Z,400.0,150.0,150,280,280.0,400.0,0.0,400.0,400.0,400.0,400.0,0.0,150.0,150.0,150.0,1200.0,150.0,700.0,830.0,830.0
2024-03-02T16:00:00.000Z,400.0,150.0,150,280,280.0,400.0,0.0,400.0,400.0,400.0,400.0,0.0,150.0,150.0,150.0,1200.0,150.0,700.0,830.0,830.0
2024-03-02T16:30:00.000Z,400.0,150.0,150,280,280.0,400.0,0.0,400.0,400.0,400.0,400.0,0.0,150.0,150.0,150.0,1200.0,150.0,700.0,830.0,830.0
2024-03-02T17:00:00.000Z,400.0,150.0,150,280,280.0,400.0,0.0,400.0,400.0,400.0,400.0,0.0,150.0,150.0,150.0,1200.0,150.0,700.0,830.0,830.0
2024-03-02T17:30:00.000Z,400.0,150.0,150,280,280.0,400.0,0.0,400.0,400.0,400.0,400.0,0.0,150.0,150.0,150.0,1200.0,150.0,700.0,830.0,830.0
2024-03-02T18:00:00.000Z,400.0,150.0,150,280,280.0,400.0,0.0,400.0,400.0,400.0,400.0,0.0,150.0,150.0,150.0,1200.0,150.0,700.0,830.0,830.0
2024-03-02T18:30:00.000Z,400.0,150.0,150,280,280.0,400.0,0.0,400.0,400.0,400.0,400.0,0.0,150.0,150.0,150.0,1200.0,150.0,700.0,830.0,830.0
2024-03-02T19:00:00.000Z,400.0,150.0,150,280,280.0,400.0,0.0,400.0,400.0,400.0,400.0,0.0,150.0,150.0,150.0,1200.0,150.0,700.0,830.0,830.0
2024-03-02T19:30:00.000Z,400.0,150.0,150,280,280.0,400.0,0.0,400.0,400.0,400.0,400.0,0.0,150.0,150.0,150.0,1200.0,150.0,700.0,830.0,830.0
2024-03-02T20:00:00.000Z,400.0,150.0,150,280,280.0,400.0,0.0,400.0,400.0,400.0,400.0,0.0,150.0,150.0,150.0,1200.0,150.0,700.0,830.0,830.0
2024-03-02T20:30:00.000Z,400.0,150.0,150,280,280.0,400.0,0.0,400.0,400.0,400.0,400.0,0.0,150.0,150.0,150.0,1200.0,150.0,700.0,830.0,830.0
2024-03-02T21:00:00.000Z,400.0,150.0,150,280,280.0,400.0,0.0,400.0,400.0,400.0,400.0,0.0,150.0,150.0,150.0,1200.0,150.0,700.0,830.0,830.0
2024-03-02T21:30:00.000Z,400.0,150.0,150,280,280.0,400.0,0.0,400.0,400.0,400.0,400.0,0.0,150.0,150.0,150.0,1200.0,150.0,700.0,830.0,830.0
2024-03-02T22:00:00.000Z,400.0,150.0,150,280,280.0,400.0,0.0,400.0,400.0,400.0,400.0,0.0,150.0,150.0,150.0,1200.0,150.0,700.0,830.0,830.0
2024-03-02T22:30:00.000Z,400.0,150.0,150,280,280.0,400.0,0.0,400.0,400.0,400.0,400.0,0.0,150.0,150.0,150.0,1200.0,150.0,700.0,830.0,830.0
